{"max": [0.0, 1.1811, 1.24777], "centroid": [-1.0607794000000004, 0.6365873999999999, 0.6069387999999999], "id": "7c9e1876b1643e93f9377e1922a21892", "numVertices": 20, "min": [-2.11296, 0.0, 0.0]}
