{"max": [0.85, 0.8092, 0.0110731], "centroid": [0.438715676041114, -0.08158007556818182, -0.4063120062431814], "id": "892529626a1710cf17ef8b7bd64bd7f2", "numVertices": 352, "min": [-3.72529e-09, -0.192073, -0.86]}
