{"max": [0.0, 0.444706, 0.255], "centroid": [-0.32755985884174393, 0.18605213365825637, 0.12388434716742965], "id": "762b30a37bb098ebe7db3cc5ece34048", "numVertices": 1744, "min": [-0.556, 0.0, 0.0]}
