{"max": [-0.231279, 0.983017, -0.120739], "centroid": [-0.45989430538842235, 0.6183648499799461, -0.24852076507554685], "id": "94ef9a352eefe9455ac8254dd793f590", "numVertices": 7479, "min": [-0.701279, -0.005, -0.511739]}
