{"max": [-0.418538, 0.0254, 1.73526], "centroid": [-0.847254, -0.3397250000000001, 1.5384949999999997], "id": "7e3022a7bd00eb4195b8ea6a366e14d", "numVertices": 32, "min": [-1.27597, -0.6858, 1.34173]}
