{"max": [0.889, 0.381, 0.508], "centroid": [-6.938893903907228e-18, -0.07356415094339618, 3.207601898975983e-18], "id": "a25f904dfbc0fb0331b9e762848db625", "numVertices": 212, "min": [-0.889, -0.381, -0.508]}
