{"max": [0.109284, 0.3683, 0.15085], "centroid": [-0.07210433003412973, 0.07076572208873691, 0.06829887863481235], "id": "3c4c7ec7ffdfec50f39105e1e4d2e270", "numVertices": 293, "min": [-0.251676, 0.0, 0.0]}
