{"max": [-0.101736, 4.02754, 2.83251], "centroid": [-1.3295622584775098, 1.2005870736484354, 1.5214133547155722], "id": "c47f71319ead4eb8a4fb72f4f3b0e317", "numVertices": 2890, "min": [-2.84075, -0.023217, -0.078243]}
