{"max": [0.101788, 0.976373, 0.850784], "centroid": [-1.3887869830967865, 0.44908452663877196, 0.27365551986053105], "id": "35ba544cb0a342e529404a50338e24e7", "numVertices": 717, "min": [-2.75057, 0.0, -1.53793]}
