{"max": [-1.13444, 41.8579, -0.232987], "centroid": [-8.679297720638264, 21.686542709097374, -1.8908777345552674], "id": "a31ef3a8c70b789b93f0194265a9746c", "numVertices": 11784, "min": [-15.7366, 0.740758, -2.52226]}
