{"max": [-0.0321688, 39.893, 26.4471], "centroid": [-9.714199357706077, 14.264020167264102, 14.375641218637968], "id": "7fc8b858cad8f5849df6f10c48eb6cee", "numVertices": 837, "min": [-19.8305, 2.79653, 2.20817]}
