{"max": [1.912, 0.73, 0.005], "centroid": [0.9237263388690993, 0.6169567980053468, -0.43974326777562145], "id": "9954b8f6fc40f0ab1cf96a5dc33e37f1", "numVertices": 2246, "min": [0.012, 0.0, -0.89624]}
