{"max": [9.27056, 2.48886, -4.13395], "centroid": [5.37139636094675, 1.4526714976230772, -5.754358047337284], "id": "3d95d6237ea6db97afa2904116693357", "numVertices": 676, "min": [2.00931, -9.144e-07, -9.36959]}
