{"max": [7944.65, 0.75, 11882.9], "centroid": [7941.779915254234, 0.6028910101694923, 11881.204237288137], "id": "51cef4b98624473e193a311b8faf4ace", "numVertices": 118, "min": [7940.19, -0.05, 11879.1]}
