{"max": [2.2, 10.2, 1.4], "centroid": [-0.0019652014925372963, 2.3438820000000042, 0.16116374104475867], "id": "576ee680a8aa61fbd4c2efa838ad32da", "numVertices": 2680, "min": [-2.2, -2.2, -0.52]}
