{"max": [0.358775, 0.6223, 0.358775], "centroid": [0.17557099753610114, 0.5740360384781693, 0.17359235463813225], "id": "d37fd2ce56b3340eaccac37ae24b8e2", "numVertices": 2313, "min": [-0.009525, 0.0, -0.009525]}
