{"max": [0.0, 0.955366, 1.02706], "centroid": [-0.3654701712825959, 0.537232004044755, 0.6323010705055907], "id": "4353aa4950c32e12f1783a44a88d6274", "numVertices": 3758, "min": [-0.73025, 0.0, 0.0]}
